Tech,Build Year,Discount Factor,Units,LCOH,LCOH Capex,LCOH Fixed Opex,LCOH Variable Opex,LCOH Electricity Cost,LCOH Fuel Cost,LCOH CO2 T&S Cost,LCOH Emissions Cost
ATR + CCS,2025,0.06,£/MWh H2 HHV,80.08283,15.83125,7.13842,1.13025,6.11536,33.26287,15.30571,1.29898
ATR + CCS,2025,0.07,£/MWh H2 HHV,82.16249,17.82613,7.13842,1.13025,6.13780,33.33704,15.30571,1.28715
ATR + CCS,2025,0.08,£/MWh H2 HHV,84.29375,19.87454,7.13842,1.13025,6.15866,33.41010,15.30571,1.27606
ATR + CCS,2025,0.09,£/MWh H2 HHV,86.46107,21.96162,7.13842,1.13025,6.17786,33.48142,15.30571,1.26579
ATR + CCS,2025,0.1,£/MWh H2 HHV,88.65103,24.07444,7.13842,1.13025,6.19536,33.55048,15.30571,1.25637
ATR + CCS,2025,0.11,£/MWh H2 HHV,90.85227,26.20199,7.13842,1.13025,6.21117,33.61691,15.30571,1.24782
ATR + CCS,2025,0.12,£/MWh H2 HHV,93.05532,28.33506,7.13842,1.13025,6.22533,33.68043,15.30571,1.24012
ATR + CCS,2025,0.13,£/MWh H2 HHV,95.25242,30.46600,7.13842,1.13025,6.23792,33.74087,15.30571,1.23326
ATR + CCS,2025,0.14,£/MWh H2 HHV,97.43723,32.58853,7.13842,1.13025,6.24900,33.79812,15.30571,1.22720
ATR + CCS,2025,0.15,£/MWh H2 HHV,99.60459,34.69751,7.13842,1.13025,6.25867,33.85213,15.30571,1.22190
ATR + CCS,2030,0.06,£/MWh H2 HHV,77.69004,14.25942,6.42968,1.01803,6.11536,33.26287,15.30571,1.29898
ATR + CCS,2030,0.07,£/MWh H2 HHV,79.57164,16.05624,6.42968,1.01803,6.13780,33.33704,15.30571,1.28715
ATR + CCS,2030,0.08,£/MWh H2 HHV,81.49952,17.90128,6.42968,1.01803,6.15866,33.41010,15.30571,1.27606
ATR + CCS,2030,0.09,£/MWh H2 HHV,83.45963,19.78114,6.42968,1.01803,6.17786,33.48142,15.30571,1.26579
ATR + CCS,2030,0.1,£/MWh H2 HHV,85.43981,21.68418,6.42968,1.01803,6.19536,33.55048,15.30571,1.25637
ATR + CCS,2030,0.11,£/MWh H2 HHV,87.42981,23.60050,6.42968,1.01803,6.21117,33.61691,15.30571,1.24782
ATR + CCS,2030,0.12,£/MWh H2 HHV,89.42108,25.52178,6.42968,1.01803,6.22533,33.68043,15.30571,1.24012
ATR + CCS,2030,0.13,£/MWh H2 HHV,91.40661,27.44115,6.42968,1.01803,6.23792,33.74087,15.30571,1.23326
ATR + CCS,2030,0.14,£/MWh H2 HHV,93.38068,29.35294,6.42968,1.01803,6.24900,33.79812,15.30571,1.22720
ATR + CCS,2030,0.15,£/MWh H2 HHV,95.33865,31.25253,6.42968,1.01803,6.25867,33.85213,15.30571,1.22190
ATR + CCS,2035,0.06,£/MWh H2 HHV,75.90652,13.08783,5.90140,0.93439,6.11536,33.26287,15.30571,1.29898
ATR + CCS,2035,0.07,£/MWh H2 HHV,77.64049,14.73702,5.90140,0.93439,6.13780,33.33704,15.30571,1.28715
ATR + CCS,2035,0.08,£/MWh H2 HHV,79.41678,16.43046,5.90140,0.93439,6.15866,33.41010,15.30571,1.27606
ATR + CCS,2035,0.09,£/MWh H2 HHV,81.22243,18.15586,5.90140,0.93439,6.17786,33.48142,15.30571,1.26579
ATR + CCS,2035,0.1,£/MWh H2 HHV,83.04625,19.90255,5.90140,0.93439,6.19536,33.55048,15.30571,1.25637
ATR + CCS,2035,0.11,£/MWh H2 HHV,84.87880,21.66142,5.90140,0.93439,6.21117,33.61691,15.30571,1.24782
ATR + CCS,2035,0.12,£/MWh H2 HHV,86.71222,23.42484,5.90140,0.93439,6.22533,33.68043,15.30571,1.24012
ATR + CCS,2035,0.13,£/MWh H2 HHV,88.54004,25.18651,5.90140,0.93439,6.23792,33.74087,15.30571,1.23326
ATR + CCS,2035,0.14,£/MWh H2 HHV,90.35703,26.94122,5.90140,0.93439,6.24900,33.79812,15.30571,1.22720
ATR + CCS,2035,0.15,£/MWh H2 HHV,92.15893,28.68474,5.90140,0.93439,6.25867,33.85213,15.30571,1.22190
ATR + CCS,2040,0.06,£/MWh H2 HHV,74.68852,12.28772,5.54062,0.87727,6.11536,33.26287,15.30571,1.29898
ATR + CCS,2040,0.07,£/MWh H2 HHV,76.32167,13.83609,5.54062,0.87727,6.13780,33.33704,15.30571,1.28715
ATR + CCS,2040,0.08,£/MWh H2 HHV,77.99443,15.42600,5.54062,0.87727,6.15866,33.41010,15.30571,1.27606
ATR + CCS,2040,0.09,£/MWh H2 HHV,79.69460,17.04593,5.54062,0.87727,6.17786,33.48142,15.30571,1.26579
ATR + CCS,2040,0.1,£/MWh H2 HHV,81.41165,18.68584,5.54062,0.87727,6.19536,33.55048,15.30571,1.25637
ATR + CCS,2040,0.11,£/MWh H2 HHV,83.13667,20.33718,5.54062,0.87727,6.21117,33.61691,15.30571,1.24782
ATR + CCS,2040,0.12,£/MWh H2 HHV,84.86228,21.99280,5.54062,0.87727,6.22533,33.68043,15.30571,1.24012
ATR + CCS,2040,0.13,£/MWh H2 HHV,86.58241,23.64677,5.54062,0.87727,6.23792,33.74087,15.30571,1.23326
ATR + CCS,2040,0.14,£/MWh H2 HHV,88.29213,25.29421,5.54062,0.87727,6.24900,33.79812,15.30571,1.22720
ATR + CCS,2040,0.15,£/MWh H2 HHV,89.98744,26.93114,5.54062,0.87727,6.25867,33.85213,15.30571,1.22190
ATR + CCS,2045,0.06,£/MWh H2 HHV,73.51400,11.51618,5.19273,0.82218,6.11536,33.26287,15.30571,1.29898
ATR + CCS,2045,0.07,£/MWh H2 HHV,75.04993,12.96733,5.19273,0.82218,6.13780,33.33704,15.30571,1.28715
ATR + CCS,2045,0.08,£/MWh H2 HHV,76.62286,14.45741,5.19273,0.82218,6.15866,33.41010,15.30571,1.27606
ATR + CCS,2045,0.09,£/MWh H2 HHV,78.22131,15.97562,5.19273,0.82218,6.17786,33.48142,15.30571,1.26579
ATR + CCS,2045,0.1,£/MWh H2 HHV,79.83539,17.51256,5.19273,0.82218,6.19536,33.55048,15.30571,1.25637
ATR + CCS,2045,0.11,£/MWh H2 HHV,81.45673,19.06021,5.19273,0.82218,6.21117,33.61691,15.30571,1.24782
ATR + CCS,2045,0.12,£/MWh H2 HHV,83.07838,20.61188,5.19273,0.82218,6.22533,33.68043,15.30571,1.24012
ATR + CCS,2045,0.13,£/MWh H2 HHV,84.69466,22.16199,5.19273,0.82218,6.23792,33.74087,15.30571,1.23326
ATR + CCS,2045,0.14,£/MWh H2 HHV,86.30093,23.70600,5.19273,0.82218,6.24900,33.79812,15.30571,1.22720
ATR + CCS,2045,0.15,£/MWh H2 HHV,87.89346,25.24014,5.19273,0.82218,6.25867,33.85213,15.30571,1.22190
ATR + CCS,2050,0.06,£/MWh H2 HHV,72.42645,10.80177,4.87059,0.77118,6.11536,33.26287,15.30571,1.29898
ATR + CCS,2050,0.07,£/MWh H2 HHV,73.87235,12.16289,4.87059,0.77118,6.13780,33.33704,15.30571,1.28715
ATR + CCS,2050,0.08,£/MWh H2 HHV,75.35284,13.56053,4.87059,0.77118,6.15866,33.41010,15.30571,1.27606
ATR + CCS,2050,0.09,£/MWh H2 HHV,76.85711,14.98456,4.87059,0.77118,6.17786,33.48142,15.30571,1.26579
ATR + CCS,2050,0.1,£/MWh H2 HHV,78.37584,16.42615,4.87059,0.77118,6.19536,33.55048,15.30571,1.25637
ATR + CCS,2050,0.11,£/MWh H2 HHV,79.90117,17.87780,4.87059,0.77118,6.21117,33.61691,15.30571,1.24782
ATR + CCS,2050,0.12,£/MWh H2 HHV,81.42656,19.33320,4.87059,0.77118,6.22533,33.68043,15.30571,1.24012
ATR + CCS,2050,0.13,£/MWh H2 HHV,82.94668,20.78715,4.87059,0.77118,6.23792,33.74087,15.30571,1.23326
ATR + CCS,2050,0.14,£/MWh H2 HHV,84.45717,22.23537,4.87059,0.77118,6.24900,33.79812,15.30571,1.22720
ATR + CCS,2050,0.15,£/MWh H2 HHV,85.95453,23.67434,4.87059,0.77118,6.25867,33.85213,15.30571,1.22190
ATR + CCS,2025,0.06,£/kg H2,3.15287,0.62328,0.28104,0.04450,0.24076,1.30956,0.60259,0.05114
ATR + CCS,2025,0.07,£/kg H2,3.23474,0.70182,0.28104,0.04450,0.24165,1.31248,0.60259,0.05068
ATR + CCS,2025,0.08,£/kg H2,3.31865,0.78246,0.28104,0.04450,0.24247,1.31536,0.60259,0.05024
ATR + CCS,2025,0.09,£/kg H2,3.40398,0.86463,0.28104,0.04450,0.24322,1.31817,0.60259,0.04983
ATR + CCS,2025,0.1,£/kg H2,3.49020,0.94781,0.28104,0.04450,0.24391,1.32088,0.60259,0.04946
ATR + CCS,2025,0.11,£/kg H2,3.57686,1.03157,0.28104,0.04450,0.24453,1.32350,0.60259,0.04913
ATR + CCS,2025,0.12,£/kg H2,3.66360,1.11555,0.28104,0.04450,0.24509,1.32600,0.60259,0.04882
ATR + CCS,2025,0.13,£/kg H2,3.75010,1.19945,0.28104,0.04450,0.24559,1.32838,0.60259,0.04855
ATR + CCS,2025,0.14,£/kg H2,3.83611,1.28301,0.28104,0.04450,0.24602,1.33063,0.60259,0.04831
ATR + CCS,2025,0.15,£/kg H2,3.92144,1.36604,0.28104,0.04450,0.24640,1.33276,0.60259,0.04811
ATR + CCS,2030,0.06,£/kg H2,3.05866,0.56139,0.25314,0.04008,0.24076,1.30956,0.60259,0.05114
ATR + CCS,2030,0.07,£/kg H2,3.13274,0.63214,0.25314,0.04008,0.24165,1.31248,0.60259,0.05068
ATR + CCS,2030,0.08,£/kg H2,3.20864,0.70477,0.25314,0.04008,0.24247,1.31536,0.60259,0.05024
ATR + CCS,2030,0.09,£/kg H2,3.28581,0.77878,0.25314,0.04008,0.24322,1.31817,0.60259,0.04983
ATR + CCS,2030,0.1,£/kg H2,3.36377,0.85371,0.25314,0.04008,0.24391,1.32088,0.60259,0.04946
ATR + CCS,2030,0.11,£/kg H2,3.44212,0.92915,0.25314,0.04008,0.24453,1.32350,0.60259,0.04913
ATR + CCS,2030,0.12,£/kg H2,3.52052,1.00479,0.25314,0.04008,0.24509,1.32600,0.60259,0.04882
ATR + CCS,2030,0.13,£/kg H2,3.59869,1.08036,0.25314,0.04008,0.24559,1.32838,0.60259,0.04855
ATR + CCS,2030,0.14,£/kg H2,3.67640,1.15563,0.25314,0.04008,0.24602,1.33063,0.60259,0.04831
ATR + CCS,2030,0.15,£/kg H2,3.75349,1.23041,0.25314,0.04008,0.24640,1.33276,0.60259,0.04811
ATR + CCS,2035,0.06,£/kg H2,2.98845,0.51527,0.23234,0.03679,0.24076,1.30956,0.60259,0.05114
ATR + CCS,2035,0.07,£/kg H2,3.05671,0.58020,0.23234,0.03679,0.24165,1.31248,0.60259,0.05068
ATR + CCS,2035,0.08,£/kg H2,3.12664,0.64687,0.23234,0.03679,0.24247,1.31536,0.60259,0.05024
ATR + CCS,2035,0.09,£/kg H2,3.19773,0.71480,0.23234,0.03679,0.24322,1.31817,0.60259,0.04983
ATR + CCS,2035,0.1,£/kg H2,3.26954,0.78356,0.23234,0.03679,0.24391,1.32088,0.60259,0.04946
ATR + CCS,2035,0.11,£/kg H2,3.34169,0.85281,0.23234,0.03679,0.24453,1.32350,0.60259,0.04913
ATR + CCS,2035,0.12,£/kg H2,3.41387,0.92224,0.23234,0.03679,0.24509,1.32600,0.60259,0.04882
ATR + CCS,2035,0.13,£/kg H2,3.48583,0.99159,0.23234,0.03679,0.24559,1.32838,0.60259,0.04855
ATR + CCS,2035,0.14,£/kg H2,3.55736,1.06068,0.23234,0.03679,0.24602,1.33063,0.60259,0.04831
ATR + CCS,2035,0.15,£/kg H2,3.62830,1.12932,0.23234,0.03679,0.24640,1.33276,0.60259,0.04811
ATR + CCS,2040,0.06,£/kg H2,2.94049,0.48377,0.21813,0.03454,0.24076,1.30956,0.60259,0.05114
ATR + CCS,2040,0.07,£/kg H2,3.00479,0.54473,0.21813,0.03454,0.24165,1.31248,0.60259,0.05068
ATR + CCS,2040,0.08,£/kg H2,3.07065,0.60732,0.21813,0.03454,0.24247,1.31536,0.60259,0.05024
ATR + CCS,2040,0.09,£/kg H2,3.13758,0.67110,0.21813,0.03454,0.24322,1.31817,0.60259,0.04983
ATR + CCS,2040,0.1,£/kg H2,3.20518,0.73566,0.21813,0.03454,0.24391,1.32088,0.60259,0.04946
ATR + CCS,2040,0.11,£/kg H2,3.27310,0.80068,0.21813,0.03454,0.24453,1.32350,0.60259,0.04913
ATR + CCS,2040,0.12,£/kg H2,3.34103,0.86586,0.21813,0.03454,0.24509,1.32600,0.60259,0.04882
ATR + CCS,2040,0.13,£/kg H2,3.40876,0.93098,0.21813,0.03454,0.24559,1.32838,0.60259,0.04855
ATR + CCS,2040,0.14,£/kg H2,3.47607,0.99584,0.21813,0.03454,0.24602,1.33063,0.60259,0.04831
ATR + CCS,2040,0.15,£/kg H2,3.54281,1.06028,0.21813,0.03454,0.24640,1.33276,0.60259,0.04811
ATR + CCS,2045,0.06,£/kg H2,2.89425,0.45339,0.20444,0.03237,0.24076,1.30956,0.60259,0.05114
ATR + CCS,2045,0.07,£/kg H2,2.95472,0.51052,0.20444,0.03237,0.24165,1.31248,0.60259,0.05068
ATR + CCS,2045,0.08,£/kg H2,3.01665,0.56919,0.20444,0.03237,0.24247,1.31536,0.60259,0.05024
ATR + CCS,2045,0.09,£/kg H2,3.07958,0.62896,0.20444,0.03237,0.24322,1.31817,0.60259,0.04983
ATR + CCS,2045,0.1,£/kg H2,3.14313,0.68947,0.20444,0.03237,0.24391,1.32088,0.60259,0.04946
ATR + CCS,2045,0.11,£/kg H2,3.20696,0.75040,0.20444,0.03237,0.24453,1.32350,0.60259,0.04913
ATR + CCS,2045,0.12,£/kg H2,3.27080,0.81149,0.20444,0.03237,0.24509,1.32600,0.60259,0.04882
ATR + CCS,2045,0.13,£/kg H2,3.33444,0.87252,0.20444,0.03237,0.24559,1.32838,0.60259,0.04855
ATR + CCS,2045,0.14,£/kg H2,3.39767,0.93331,0.20444,0.03237,0.24602,1.33063,0.60259,0.04831
ATR + CCS,2045,0.15,£/kg H2,3.46037,0.99371,0.20444,0.03237,0.24640,1.33276,0.60259,0.04811
ATR + CCS,2050,0.06,£/kg H2,2.85143,0.42527,0.19176,0.03036,0.24076,1.30956,0.60259,0.05114
ATR + CCS,2050,0.07,£/kg H2,2.90836,0.47885,0.19176,0.03036,0.24165,1.31248,0.60259,0.05068
ATR + CCS,2050,0.08,£/kg H2,2.96665,0.53388,0.19176,0.03036,0.24247,1.31536,0.60259,0.05024
ATR + CCS,2050,0.09,£/kg H2,3.02587,0.58994,0.19176,0.03036,0.24322,1.31817,0.60259,0.04983
ATR + CCS,2050,0.1,£/kg H2,3.08566,0.64670,0.19176,0.03036,0.24391,1.32088,0.60259,0.04946
ATR + CCS,2050,0.11,£/kg H2,3.14572,0.70385,0.19176,0.03036,0.24453,1.32350,0.60259,0.04913
ATR + CCS,2050,0.12,£/kg H2,3.20577,0.76115,0.19176,0.03036,0.24509,1.32600,0.60259,0.04882
ATR + CCS,2050,0.13,£/kg H2,3.26562,0.81839,0.19176,0.03036,0.24559,1.32838,0.60259,0.04855
ATR + CCS,2050,0.14,£/kg H2,3.32509,0.87541,0.19176,0.03036,0.24602,1.33063,0.60259,0.04831
ATR + CCS,2050,0.15,£/kg H2,3.38404,0.93206,0.19176,0.03036,0.24640,1.33276,0.60259,0.04811
